frame,confidence,distance_m,real_width_m,risk_score,severity,tti_s,urgency
0,0.6603,2.53,1.48,0.584,High,0.23,High
0,0.6138,6.52,0.91,0.14,Medium,0.59,High
1,0.6373,6.27,0.88,0.141,Medium,0.56,High
2,0.5938,6.1,0.87,0.143,Medium,0.55,High
3,0.5692,5.99,0.87,0.146,Medium,0.54,High
4,0.5852,5.71,0.84,0.148,Medium,0.51,High
5,0.5971,5.59,0.84,0.15,Medium,0.5,High
6,0.5417,5.41,0.81,0.149,Medium,0.49,High
7,0.636,5.17,0.78,0.151,Medium,0.47,High
8,0.6436,5.05,0.78,0.155,Medium,0.45,High
9,0.5455,4.98,0.79,0.159,Medium,0.45,High
10,0.6113,4.78,0.76,0.159,Medium,0.43,High
11,0.5987,4.56,0.75,0.165,Medium,0.41,High
12,0.5815,4.49,0.75,0.167,Medium,0.4,High
13,0.5682,4.24,0.73,0.172,Medium,0.38,High
14,0.6128,4.1,0.74,0.18,Medium,0.37,High
15,0.6323,3.97,0.72,0.182,High,0.36,High
16,0.6108,3.86,0.73,0.19,High,0.35,High
17,0.6522,3.67,0.73,0.198,High,0.33,High
18,0.6811,3.57,0.69,0.194,High,0.32,High
18,0.5516,15.69,1.87,0.119,Medium,1.41,High
19,0.6592,3.45,0.71,0.207,High,0.31,High
19,0.549,15.51,1.79,0.115,Medium,1.4,High
20,0.6362,3.37,0.66,0.194,High,0.3,High
20,0.5921,15.17,1.78,0.117,Medium,1.37,High
21,0.6898,3.18,0.65,0.206,High,0.29,High
21,0.5679,14.38,1.72,0.12,Medium,1.29,High
22,0.7092,3.11,0.68,0.219,High,0.28,High
22,0.5247,14.38,1.79,0.124,Medium,1.29,High
23,0.767,3.03,0.69,0.227,High,0.27,High
23,0.5149,14.23,1.79,0.126,Medium,1.28,High
24,0.7815,2.89,0.65,0.225,High,0.26,High
24,0.5143,6.52,2.56,0.392,High,0.59,High
24,0.5054,13.53,1.67,0.123,Medium,1.22,High
25,0.7312,2.78,0.63,0.227,High,0.25,High
25,0.5139,13.14,1.69,0.128,Medium,1.18,High
26,0.7015,2.67,0.62,0.233,High,0.24,High
26,0.5863,13.14,1.71,0.13,Medium,1.18,High
26,0.5008,6.16,2.56,0.416,High,0.55,High
27,0.7361,2.56,0.6,0.234,High,0.23,High
27,0.6847,12.54,1.61,0.128,Medium,1.13,High
27,0.6282,5.99,2.52,0.421,High,0.54,High
28,0.6767,2.54,0.61,0.24,High,0.23,High
28,0.6479,12.32,1.64,0.133,Medium,1.11,High
28,0.5737,5.88,2.47,0.42,High,0.53,High
29,0.6627,2.53,0.68,0.268,High,0.23,High
29,0.647,5.73,2.34,0.409,High,0.52,High
29,0.6304,12.32,1.65,0.134,Medium,1.11,High
30,0.6111,2.53,0.63,0.251,High,0.23,High
30,0.6003,11.99,1.62,0.135,Medium,1.08,High
30,0.5907,5.61,2.32,0.413,High,0.5,High
31,0.6874,11.4,1.54,0.135,Medium,1.03,High
31,0.6541,5.28,2.2,0.418,High,0.48,High
31,0.5886,2.53,0.57,0.226,High,0.23,High
31,0.5273,5.0,2.69,0.538,High,0.45,High
32,0.7109,11.12,1.59,0.143,Medium,1.0,High
32,0.7063,5.21,2.13,0.409,High,0.47,High
32,0.6029,5.02,2.7,0.538,High,0.45,High
32,0.6027,2.54,0.56,0.219,High,0.23,High
33,0.7164,10.85,1.57,0.145,Medium,0.98,High
33,0.6633,5.13,2.14,0.417,High,0.46,High
33,0.5902,2.54,0.59,0.232,High,0.23,High
33,0.565,4.92,2.67,0.543,High,0.44,High
34,0.7018,4.9,1.94,0.397,High,0.44,High
34,0.6671,10.44,1.53,0.147,Medium,0.94,High
34,0.6247,4.87,2.63,0.54,High,0.44,High
35,0.7292,4.74,1.87,0.394,High,0.43,High
35,0.7154,10.05,1.47,0.147,Medium,0.9,High
35,0.6417,4.64,2.48,0.534,High,0.42,High
36,0.6973,4.6,1.82,0.397,High,0.41,High
36,0.6741,9.91,1.45,0.147,Medium,0.89,High
37,0.7058,9.49,1.48,0.156,Medium,0.85,High
37,0.6306,4.41,1.69,0.384,High,0.4,High
38,0.6731,9.49,1.53,0.161,Medium,0.85,High
38,0.6106,4.27,1.66,0.39,High,0.38,High
39,0.7608,9.17,1.48,0.161,Medium,0.83,High
39,0.604,4.07,1.6,0.394,High,0.37,High
39,0.5069,4.0,2.16,0.54,High,0.36,High
40,0.757,8.99,1.47,0.164,Medium,0.81,High
40,0.6748,4.12,1.53,0.372,High,0.37,High
40,0.5648,3.98,1.95,0.49,High,0.36,High
40,0.5356,3.62,0.43,0.118,Medium,0.33,High
41,0.7559,8.59,1.37,0.16,Medium,0.77,High
41,0.7002,3.88,2.09,0.538,High,0.35,High
41,0.6004,3.91,1.52,0.388,High,0.35,High
42,0.7167,3.76,2.03,0.539,High,0.34,High
42,0.7045,8.54,1.38,0.161,Medium,0.77,High
42,0.653,3.79,1.46,0.385,High,0.34,High
43,0.7242,3.72,1.42,0.382,High,0.33,High
43,0.7021,8.03,1.34,0.167,Medium,0.72,High
43,0.6356,3.71,1.98,0.534,High,0.33,High
44,0.7806,7.76,1.33,0.171,Medium,0.7,High
44,0.667,3.42,1.36,0.398,High,0.31,High
45,0.7479,7.71,1.37,0.177,Medium,0.69,High
45,0.6572,3.35,1.3,0.388,High,0.3,High
45,0.6405,3.31,1.76,0.533,High,0.3,High
45,0.5306,3.04,0.4,0.131,Medium,0.27,High
46,0.7667,7.71,1.35,0.174,Medium,0.69,High
46,0.7099,3.3,1.76,0.534,High,0.3,High
46,0.5643,3.36,1.28,0.381,High,0.3,High
46,0.5114,5.63,0.72,0.128,Medium,0.51,High
47,0.7704,3.16,1.67,0.527,High,0.28,High
47,0.7139,7.41,1.27,0.172,Medium,0.67,High
47,0.6968,3.19,1.25,0.393,High,0.29,High
47,0.5797,5.41,0.77,0.142,Medium,0.49,High
48,0.7408,7.25,1.24,0.171,Medium,0.65,High
48,0.7047,3.15,1.18,0.375,High,0.28,High
48,0.6882,3.1,1.65,0.532,High,0.28,High
48,0.5801,5.38,0.74,0.138,Medium,0.48,High
49,0.7723,7.1,1.21,0.171,Medium,0.64,High
49,0.6321,2.92,1.56,0.535,High,0.26,High
49,0.5799,5.21,0.72,0.139,Medium,0.47,High
49,0.5559,2.96,1.14,0.385,High,0.27,High
50,0.7347,7.03,1.2,0.171,Medium,0.63,High
50,0.687,2.81,1.51,0.538,High,0.25,High
50,0.5885,5.07,0.68,0.134,Medium,0.46,High
51,0.6779,2.72,1.45,0.534,High,0.24,High
51,0.5977,6.64,1.07,0.161,Medium,0.6,High
51,0.5345,4.89,0.73,0.148,Medium,0.44,High
52,0.6838,2.61,1.4,0.536,High,0.23,High
52,0.626,4.74,0.67,0.141,Medium,0.43,High
52,0.6007,6.27,1.05,0.168,Medium,0.56,High
53,0.6364,2.57,1.35,0.526,High,0.23,High
53,0.6202,4.66,0.66,0.142,Medium,0.42,High
53,0.5763,6.42,0.98,0.153,Medium,0.58,High
54,0.6949,4.42,0.67,0.151,Medium,0.4,High
54,0.5581,2.53,1.36,0.536,High,0.23,High
54,0.5571,5.91,0.92,0.155,Medium,0.53,High
55,0.6012,4.22,0.62,0.147,Medium,0.38,High
55,0.5695,5.86,0.87,0.149,Medium,0.53,High
55,0.5274,2.53,1.36,0.539,High,0.23,High
56,0.7295,4.18,0.62,0.149,Medium,0.38,High
56,0.5576,5.81,0.87,0.149,Medium,0.52,High
57,0.7288,3.95,0.62,0.156,Medium,0.36,High
57,0.5052,6.48,1.21,0.187,High,0.58,High
57,0.5018,5.52,0.75,0.135,Medium,0.5,High
58,0.5239,6.36,1.18,0.185,High,0.57,High
58,0.5055,5.21,0.69,0.133,Medium,0.47,High
58,0.5008,3.75,0.61,0.161,Medium,0.34,High
59,0.6294,3.68,0.61,0.165,Medium,0.33,High
59,0.5471,6.21,1.2,0.194,High,0.56,High
59,0.5166,5.11,0.66,0.128,Medium,0.46,High
60,0.5792,3.56,0.6,0.169,Medium,0.32,High
60,0.5312,5.11,0.62,0.121,Medium,0.46,High
61,0.6573,3.37,0.56,0.167,Medium,0.3,High
61,0.5653,5.73,1.1,0.192,High,0.52,High
61,0.5015,4.85,0.55,0.114,Medium,0.44,High
62,0.6762,3.2,0.56,0.176,Medium,0.29,High
62,0.6188,5.59,1.06,0.19,High,0.5,High
62,0.5931,9.05,2.8,0.31,High,0.81,High
63,0.65,3.12,0.56,0.179,Medium,0.28,High
63,0.5434,8.76,2.71,0.31,High,0.79,High
64,0.7147,2.9,0.54,0.185,High,0.26,High
64,0.592,8.54,2.68,0.313,High,0.77,High
65,0.7008,2.8,0.49,0.175,Medium,0.25,High
65,0.5775,8.48,2.74,0.323,High,0.76,High
66,0.7696,2.63,0.45,0.171,Medium,0.24,High
66,0.5516,8.18,2.68,0.327,High,0.74,High
66,0.5286,4.69,1.05,0.223,High,0.42,High
67,0.7638,2.55,0.35,0.135,Medium,0.23,High
67,0.5604,4.38,0.98,0.225,High,0.39,High
68,0.8016,2.53,0.32,0.128,Medium,0.23,High
68,0.6039,4.38,0.99,0.227,High,0.39,High
68,0.5352,7.98,2.6,0.326,High,0.72,High
69,0.7193,2.53,0.28,0.11,Medium,0.23,High
69,0.6054,4.31,1.02,0.236,High,0.39,High
69,0.5807,7.8,2.67,0.342,High,0.7,High
69,0.5095,6.1,0.7,0.115,Medium,0.55,High
70,0.6379,2.55,0.31,0.12,Medium,0.23,High
70,0.6094,4.22,1.02,0.242,High,0.38,High
70,0.6003,7.62,2.59,0.34,High,0.69,High
71,0.6825,4.0,1.0,0.251,High,0.36,High
71,0.6001,7.22,2.43,0.336,High,0.65,High
71,0.54,5.52,0.68,0.122,Medium,0.5,High
72,0.6312,3.85,0.99,0.258,High,0.35,High
72,0.5811,7.03,2.35,0.334,High,0.63,High
72,0.5077,5.52,0.68,0.122,Medium,0.5,High
73,0.6554,3.75,0.97,0.259,High,0.34,High
73,0.5581,6.18,2.01,0.325,High,0.56,High
74,0.6227,3.53,0.87,0.246,High,0.32,High
74,0.6011,6.16,1.97,0.319,High,0.55,High
75,0.6303,3.36,0.78,0.234,High,0.3,High
75,0.6166,6.07,1.91,0.314,High,0.55,High
75,0.5794,4.87,0.64,0.132,Medium,0.44,High
76,0.6999,3.3,0.75,0.227,High,0.3,High
76,0.6329,5.94,1.83,0.308,High,0.53,High
76,0.5523,4.94,0.64,0.129,Medium,0.44,High
77,0.7203,3.05,0.63,0.207,High,0.27,High
77,0.658,4.68,0.63,0.135,Medium,0.42,High
77,0.5895,5.91,1.79,0.303,High,0.53,High
78,0.6645,2.94,0.58,0.198,High,0.26,High
78,0.6307,4.41,0.63,0.142,Medium,0.4,High
78,0.6188,5.15,1.55,0.301,High,0.46,High
79,0.6752,4.41,0.62,0.14,Medium,0.4,High
79,0.6202,4.6,1.39,0.301,High,0.41,High
79,0.5455,2.7,0.5,0.186,High,0.24,High
80,0.6602,4.49,1.35,0.3,High,0.4,High
80,0.6547,4.18,0.59,0.141,Medium,0.38,High
80,0.6133,2.56,0.46,0.181,High,0.23,High
81,0.6856,4.73,1.42,0.299,High,0.43,High
81,0.6699,2.55,0.41,0.161,Medium,0.23,High
81,0.5714,3.97,0.58,0.145,Medium,0.36,High
81,0.5161,5.78,1.51,0.261,High,0.52,High
82,0.6736,2.53,0.4,0.159,Medium,0.23,High
82,0.6302,4.61,1.37,0.297,High,0.41,High
82,0.5982,5.83,1.54,0.265,High,0.52,High
82,0.5308,3.63,0.56,0.155,Medium,0.33,High
83,0.7359,3.71,0.55,0.148,Medium,0.33,High
83,0.6711,2.53,0.34,0.136,Medium,0.23,High
83,0.6535,4.44,1.3,0.292,High,0.4,High
83,0.5692,5.66,1.49,0.264,High,0.51,High
84,0.6455,4.38,1.21,0.277,High,0.39,High
84,0.5685,3.38,0.55,0.163,Medium,0.3,High
84,0.5665,5.54,1.53,0.277,High,0.5,High
84,0.5304,2.6,0.29,0.112,Medium,0.23,High
85,0.642,4.41,1.22,0.276,High,0.4,High
85,0.5723,2.54,0.24,0.096,Medium,0.23,High
85,0.5701,5.34,1.53,0.286,High,0.48,High
85,0.5459,3.34,0.55,0.164,Medium,0.3,High
86,0.6824,5.26,1.5,0.285,High,0.47,High
86,0.6436,4.5,1.23,0.273,High,0.41,High
86,0.5682,3.22,0.54,0.168,Medium,0.29,High
87,0.6668,4.56,1.16,0.255,High,0.41,High
87,0.652,4.94,1.39,0.28,High,0.44,High
87,0.6071,3.04,0.54,0.177,Medium,0.27,High
88,0.6745,4.52,1.15,0.253,High,0.41,High
88,0.6461,2.96,0.51,0.174,Medium,0.27,High
88,0.6247,4.87,1.36,0.28,High,0.44,High
89,0.6608,4.38,1.11,0.254,High,0.39,High
89,0.64,2.91,0.52,0.178,Medium,0.26,High
89,0.6187,4.76,1.33,0.279,High,0.43,High
90,0.6644,3.8,0.95,0.251,High,0.34,High
90,0.6164,2.79,0.54,0.193,High,0.25,High
90,0.5691,4.71,1.31,0.279,High,0.42,High
90,0.5109,9.24,1.92,0.207,High,0.83,High
91,0.6724,2.61,0.51,0.195,High,0.23,High
91,0.6321,3.95,0.96,0.243,High,0.36,High
91,0.5653,4.39,1.18,0.268,High,0.4,High
91,0.5304,56.44,6.86,0.122,Medium,5.08,Low
91,0.521,8.43,1.66,0.197,High,0.76,High
92,0.6904,2.56,0.53,0.207,High,0.23,High
92,0.6277,3.95,0.95,0.241,High,0.36,High
92,0.6193,4.32,1.15,0.266,High,0.39,High
92,0.5435,52.23,6.35,0.122,Medium,4.7,Low
93,0.711,2.56,0.54,0.213,High,0.23,High
93,0.6381,3.93,0.91,0.233,High,0.35,High
93,0.6033,4.22,1.12,0.266,High,0.38,High
93,0.5249,50.35,5.94,0.118,Medium,4.53,Low
94,0.5862,3.95,0.99,0.251,High,0.36,High
94,0.5862,4.03,0.88,0.219,High,0.36,High
94,0.5821,2.54,0.52,0.204,High,0.23,High
94,0.5195,45.45,5.37,0.118,Medium,4.09,Low
95,0.6798,3.83,0.95,0.248,High,0.34,High
95,0.5775,7.67,1.75,0.228,High,0.69,High
95,0.5752,3.86,0.86,0.222,High,0.35,High
95,0.5001,45.45,5.68,0.125,Medium,4.09,Low
96,0.6902,3.76,0.93,0.248,High,0.34,High
96,0.6025,3.63,0.79,0.218,High,0.33,High
96,0.5655,7.54,1.74,0.231,High,0.68,High
96,0.5117,2.53,0.41,0.161,Medium,0.23,High
97,0.6933,3.47,0.82,0.236,High,0.31,High
97,0.5544,6.74,1.61,0.24,High,0.61,High
98,0.7506,3.43,0.78,0.227,High,0.31,High
98,0.524,6.92,1.71,0.247,High,0.62,High
99,0.786,3.37,0.76,0.226,High,0.3,High
99,0.5592,6.68,1.62,0.242,High,0.6,High
99,0.5153,42.68,5.74,0.135,Medium,3.84,Low
100,0.7442,3.19,0.71,0.224,High,0.29,High
100,0.571,6.48,1.63,0.251,High,0.58,High
100,0.5429,4.02,0.73,0.182,High,0.36,High
100,0.5196,41.41,5.75,0.139,Medium,3.73,Low
101,0.6982,3.02,0.65,0.215,High,0.27,High
101,0.5256,6.24,1.59,0.255,High,0.56,High
101,0.5251,3.94,0.68,0.173,Medium,0.35,High
102,0.736,2.94,0.63,0.213,High,0.26,High
102,0.5546,6.1,1.6,0.263,High,0.55,High
102,0.5057,3.95,0.68,0.173,Medium,0.36,High
103,0.7195,2.89,0.6,0.208,High,0.26,High
103,0.5109,5.86,1.53,0.26,High,0.53,High
104,0.7369,2.75,0.53,0.194,High,0.25,High
104,0.5942,5.59,1.49,0.266,High,0.5,High
105,0.7687,2.66,0.5,0.187,High,0.24,High
105,0.5822,5.45,1.43,0.263,High,0.49,High
105,0.5028,28.66,4.06,0.141,Medium,2.58,Medium
106,0.7214,2.55,0.47,0.184,High,0.23,High
106,0.6277,5.21,1.42,0.272,High,0.47,High
106,0.5292,24.61,3.48,0.141,Medium,2.21,Medium
107,0.5966,5.09,1.46,0.287,High,0.46,High
107,0.5855,2.54,0.42,0.164,Medium,0.23,High
107,0.5552,28.08,4.02,0.143,Medium,2.53,Medium
108,0.5659,4.98,1.49,0.299,High,0.45,High
108,0.5402,26.99,3.89,0.144,Medium,2.43,Medium
109,0.5396,4.71,1.44,0.306,High,0.42,High
109,0.5159,26.48,3.88,0.147,Medium,2.38,Medium
110,0.5778,4.63,1.42,0.306,High,0.42,High
111,0.5848,4.44,1.43,0.322,High,0.4,High
111,0.5416,5.07,0.66,0.131,Medium,0.46,High
112,0.5634,4.28,1.4,0.326,High,0.39,High
113,0.6274,4.81,0.61,0.128,Medium,0.43,High
113,0.5664,4.07,1.36,0.334,High,0.37,High
114,0.6077,4.55,0.62,0.135,Medium,0.41,High
114,0.596,3.97,1.29,0.325,High,0.36,High
115,0.5781,4.41,0.61,0.139,Medium,0.4,High
116,0.5423,3.63,1.2,0.331,High,0.33,High
116,0.5319,4.28,0.59,0.139,Medium,0.39,High
117,0.5453,23.76,3.73,0.157,Medium,2.14,Medium
117,0.5344,7.8,1.32,0.169,Medium,0.7,High
117,0.5037,3.3,1.07,0.326,High,0.3,High
118,0.5838,3.27,1.02,0.313,High,0.29,High
118,0.5663,3.95,0.54,0.137,Medium,0.36,High
118,0.5239,23.36,3.67,0.157,Medium,2.1,Medium
119,0.6076,3.8,0.51,0.135,Medium,0.34,High
119,0.5201,24.18,3.82,0.158,Medium,2.18,Medium
119,0.5083,3.19,1.0,0.312,High,0.29,High
120,0.5763,3.71,0.52,0.14,Medium,0.33,High
120,0.5493,3.15,0.84,0.266,High,0.28,High
120,0.5482,23.76,3.77,0.159,Medium,2.14,Medium
121,0.5506,2.82,0.86,0.305,High,0.25,High
121,0.5335,23.76,3.96,0.167,Medium,2.14,Medium
122,0.6207,2.76,0.82,0.299,High,0.25,High
122,0.5612,3.36,0.49,0.146,Medium,0.3,High
122,0.557,22.6,3.65,0.161,Medium,2.03,Medium
123,0.5669,2.57,0.79,0.309,High,0.23,High
123,0.5638,22.98,3.81,0.166,Medium,2.07,Medium
124,0.6877,2.53,0.73,0.288,High,0.23,High
124,0.5353,6.3,1.25,0.199,High,0.57,High
124,0.5122,21.89,3.69,0.168,Medium,1.97,Medium
125,0.7028,2.53,0.74,0.294,High,0.23,High
125,0.5245,6.16,1.28,0.207,High,0.55,High
126,0.6059,2.53,0.73,0.287,High,0.23,High
126,0.526,5.83,1.21,0.208,High,0.52,High
127,0.6406,2.53,0.69,0.272,High,0.23,High
128,0.5651,5.47,1.18,0.216,High,0.49,High
128,0.5624,2.53,0.56,0.221,High,0.23,High
129,0.603,5.45,1.18,0.217,High,0.49,High
129,0.5068,2.56,0.48,0.186,High,0.23,High
130,0.5769,5.3,1.16,0.219,High,0.48,High
130,0.5033,14.53,1.97,0.135,Medium,1.31,High
131,0.5725,4.87,1.1,0.226,High,0.44,High
131,0.5314,13.8,1.88,0.136,Medium,1.24,High
132,0.5602,4.81,1.11,0.231,High,0.43,High
133,0.5555,3.35,0.45,0.134,Medium,0.3,High
133,0.5299,4.73,1.1,0.233,High,0.43,High
134,0.5688,4.42,1.1,0.249,High,0.4,High
135,0.588,4.35,1.09,0.25,High,0.39,High
136,0.5554,4.17,1.04,0.249,High,0.38,High
137,0.6312,4.02,1.05,0.26,High,0.36,High
137,0.5184,8.38,1.0,0.119,Medium,0.75,High
137,0.518,13.4,1.99,0.148,Medium,1.21,High
138,0.584,3.87,1.03,0.266,High,0.35,High
138,0.5656,2.66,0.42,0.158,Medium,0.24,High
138,0.5095,8.43,0.97,0.115,Medium,0.76,High
139,0.6658,2.56,0.39,0.154,Medium,0.23,High
139,0.5889,3.73,1.0,0.268,High,0.34,High
140,0.608,3.68,1.05,0.286,High,0.33,High
141,0.6127,3.42,1.01,0.294,High,0.31,High
142,0.6021,3.36,0.98,0.293,High,0.3,High
142,0.5839,11.79,1.81,0.154,Medium,1.06,High
143,0.6209,3.21,0.97,0.303,High,0.29,High
143,0.5714,11.79,1.79,0.152,Medium,1.06,High
144,0.604,2.96,0.9,0.305,High,0.27,High
145,0.7013,2.86,0.87,0.305,High,0.26,High
145,0.5732,10.44,1.56,0.149,Medium,0.94,High
146,0.6719,2.8,0.9,0.321,High,0.25,High
146,0.5817,10.2,1.58,0.155,Medium,0.92,High
147,0.6332,2.55,0.85,0.333,High,0.23,High
147,0.5848,9.63,1.55,0.161,Medium,0.87,High
148,0.7141,2.53,0.85,0.338,High,0.23,High
148,0.5744,9.43,1.56,0.166,Medium,0.85,High
149,0.6901,9.24,1.49,0.161,Medium,0.83,High
149,0.6777,2.53,0.88,0.346,High,0.23,High
150,0.7259,9.05,1.5,0.166,Medium,0.81,High
151,0.6299,8.87,1.57,0.177,Medium,0.8,High
152,0.6096,8.43,1.5,0.178,Medium,0.76,High
153,0.683,7.98,1.45,0.182,High,0.72,High
154,0.5795,7.71,1.54,0.2,High,0.69,High
155,0.5274,7.62,1.48,0.194,High,0.69,High
156,0.6173,7.33,1.43,0.194,High,0.66,High
156,0.5109,7.25,1.98,0.273,High,0.65,High
157,0.6372,6.92,1.35,0.194,High,0.62,High
158,0.5127,6.58,1.83,0.279,High,0.59,High
158,0.5068,6.71,1.34,0.2,High,0.6,High
159,0.5838,6.45,1.79,0.277,High,0.58,High
159,0.524,6.45,1.34,0.207,High,0.58,High
160,0.5747,6.39,1.75,0.274,High,0.58,High
160,0.5417,6.45,1.35,0.209,High,0.58,High
161,0.5791,6.21,1.67,0.269,High,0.56,High
162,0.6062,6.1,1.62,0.266,High,0.55,High
162,0.5016,5.99,1.29,0.216,High,0.54,High
163,0.6454,5.91,1.55,0.263,High,0.53,High
163,0.6181,4.24,0.61,0.144,Medium,0.38,High
163,0.5409,5.86,1.34,0.228,High,0.53,High
164,0.6653,5.54,1.28,0.232,High,0.5,High
164,0.6424,5.61,1.45,0.258,High,0.5,High
164,0.5665,4.03,0.61,0.15,Medium,0.36,High
165,0.6305,5.56,1.43,0.257,High,0.5,High
165,0.5986,3.88,0.62,0.159,Medium,0.35,High
165,0.5784,5.23,1.26,0.24,High,0.47,High
166,0.6523,5.56,1.41,0.254,High,0.5,High
166,0.5645,5.21,1.22,0.234,High,0.47,High
166,0.5632,3.74,0.6,0.161,Medium,0.34,High
167,0.6673,5.52,1.37,0.248,High,0.5,High
167,0.6159,4.98,1.16,0.233,High,0.45,High
167,0.5453,3.5,0.56,0.16,Medium,0.32,High
168,0.6327,5.47,1.36,0.249,High,0.49,High
168,0.5934,4.83,1.19,0.247,High,0.43,High
168,0.5538,2.99,0.31,0.103,Medium,0.27,High
169,0.6556,5.36,1.32,0.246,High,0.48,High
169,0.5849,3.32,0.57,0.171,Medium,0.3,High
169,0.5833,2.89,0.31,0.107,Medium,0.26,High
169,0.5423,4.56,1.04,0.227,High,0.41,High
170,0.662,5.3,1.28,0.241,High,0.48,High
170,0.6316,4.52,1.07,0.236,High,0.41,High
170,0.5665,3.18,0.53,0.166,Medium,0.29,High
170,0.5619,2.77,0.3,0.108,Medium,0.25,High
171,0.6699,5.19,1.22,0.235,High,0.47,High
171,0.5847,4.37,1.05,0.241,High,0.39,High
171,0.5551,2.57,0.29,0.115,Medium,0.23,High
171,0.5108,14.53,2.25,0.155,Medium,1.31,High
172,0.6643,5.13,1.18,0.23,High,0.46,High
172,0.5101,2.88,0.49,0.169,Medium,0.26,High
173,0.6522,4.92,1.1,0.224,High,0.44,High
173,0.5295,4.05,0.7,0.172,Medium,0.36,High
173,0.5183,13.8,2.05,0.148,Medium,1.24,High
174,0.6565,4.83,1.05,0.218,High,0.43,High
174,0.5923,3.86,0.87,0.226,High,0.35,High
174,0.5556,13.02,2.1,0.161,Medium,1.17,High
175,0.6141,4.96,1.06,0.214,High,0.45,High
175,0.529,12.9,2.12,0.164,Medium,1.16,High
176,0.5707,3.58,0.67,0.188,High,0.32,High
176,0.5692,12.43,2.06,0.166,Medium,1.12,High
176,0.5545,4.81,1.01,0.209,High,0.43,High
177,0.5857,11.99,2.11,0.176,Medium,1.08,High
177,0.509,4.85,0.97,0.2,High,0.44,High
177,0.5058,3.39,0.84,0.247,High,0.31,High
178,0.5511,11.79,2.02,0.171,Medium,1.06,High
178,0.5094,5.3,1.03,0.194,High,0.48,High
178,0.5041,3.3,0.59,0.18,Medium,0.3,High
179,0.5291,5.28,1.01,0.191,High,0.48,High
179,0.5245,11.4,1.91,0.168,Medium,1.03,High
180,0.6151,10.94,1.91,0.174,Medium,0.98,High
180,0.5208,4.87,0.9,0.185,High,0.44,High
181,0.5666,10.44,1.9,0.182,High,0.94,High
181,0.504,4.96,0.88,0.177,Medium,0.45,High
182,0.5915,10.2,1.91,0.188,High,0.92,High
182,0.5037,4.98,0.86,0.174,Medium,0.45,High
183,0.6127,9.98,1.86,0.187,High,0.9,High
184,0.6074,9.63,1.79,0.186,High,0.87,High
184,0.5424,2.53,0.63,0.25,High,0.23,High
185,0.6601,9.36,1.84,0.197,High,0.84,High
186,0.6947,9.24,1.84,0.2,High,0.83,High
186,0.5111,2.53,0.66,0.26,High,0.23,High
187,0.5653,8.87,1.79,0.201,High,0.8,High
188,0.5325,8.38,1.77,0.211,High,0.75,High
189,0.6463,8.23,1.68,0.204,High,0.74,High
190,0.5847,8.08,1.66,0.206,High,0.73,High
191,0.6087,7.62,1.57,0.207,High,0.69,High
192,0.6486,7.5,1.62,0.216,High,0.68,High
192,0.5341,3.59,0.55,0.152,Medium,0.32,High
193,0.6393,7.41,1.61,0.217,High,0.67,High
194,0.6458,6.71,1.57,0.234,High,0.6,High
194,0.5451,3.34,0.52,0.157,Medium,0.3,High
195,0.6095,6.61,1.5,0.227,High,0.59,High
196,0.5713,6.42,1.48,0.23,High,0.58,High
196,0.503,13.67,2.29,0.168,Medium,1.23,High
197,0.661,6.21,1.5,0.242,High,0.56,High
197,0.5588,13.02,2.24,0.172,Medium,1.17,High
198,0.6286,5.86,1.45,0.247,High,0.53,High
198,0.556,13.02,2.31,0.177,Medium,1.17,High
199,0.6467,5.78,1.41,0.245,High,0.52,High
200,0.6738,5.59,1.34,0.24,High,0.5,High
201,0.6727,5.34,1.38,0.259,High,0.48,High
201,0.6466,2.53,0.4,0.159,Medium,0.23,High
201,0.5671,11.89,2.15,0.181,High,1.07,High
201,0.5076,3.77,1.04,0.275,High,0.34,High
202,0.6805,5.19,1.35,0.26,High,0.47,High
202,0.5365,11.69,2.12,0.181,High,1.05,High
202,0.5145,3.68,1.03,0.28,High,0.33,High
203,0.6545,5.07,1.33,0.262,High,0.46,High
203,0.5393,11.59,2.11,0.182,High,1.04,High
203,0.5131,3.58,1.0,0.279,High,0.32,High
204,0.6855,4.74,1.27,0.268,High,0.43,High
204,0.5146,3.32,1.03,0.309,High,0.3,High
205,0.7008,4.6,1.27,0.277,High,0.41,High
205,0.5001,3.17,0.96,0.303,High,0.29,High
206,0.6776,4.47,1.35,0.302,High,0.4,High
206,0.5312,9.77,1.86,0.19,High,0.88,High
206,0.5133,3.11,1.0,0.323,High,0.28,High
207,0.6808,4.16,1.31,0.314,High,0.37,High
207,0.555,2.9,0.93,0.32,High,0.26,High
208,0.6675,4.09,1.26,0.307,High,0.37,High
208,0.5781,2.79,0.93,0.334,High,0.25,High
209,0.6767,3.93,1.29,0.329,High,0.35,High
209,0.5306,2.71,0.76,0.28,High,0.24,High
210,0.6795,3.78,1.44,0.382,High,0.34,High
210,0.5596,2.53,0.94,0.372,High,0.23,High
211,0.6567,3.58,1.4,0.39,High,0.32,High
212,0.7093,3.37,1.33,0.396,High,0.3,High
213,0.6752,3.33,1.38,0.414,High,0.3,High
214,0.7334,3.07,1.35,0.438,High,0.28,High
214,0.5461,7.98,1.72,0.215,High,0.72,High
215,0.7626,2.89,1.38,0.477,High,0.26,High
216,0.7367,2.82,1.24,0.44,High,0.25,High
217,0.7609,2.61,1.16,0.444,High,0.23,High
218,0.7685,2.53,1.08,0.427,High,0.23,High
218,0.5297,6.24,1.5,0.24,High,0.56,High
219,0.7393,2.53,1.1,0.434,High,0.23,High
220,0.6812,2.53,1.25,0.496,High,0.23,High
221,0.6486,2.53,1.23,0.486,High,0.23,High
221,0.5592,6.1,1.54,0.252,High,0.55,High
222,0.594,2.53,1.22,0.484,High,0.23,High
222,0.5223,6.02,1.52,0.252,High,0.54,High
223,0.5861,5.61,1.44,0.257,High,0.5,High
224,0.55,5.59,1.52,0.272,High,0.5,High
225,0.5331,5.43,1.24,0.229,High,0.49,High
226,0.5661,5.21,1.42,0.273,High,0.47,High
227,0.5614,4.96,1.46,0.293,High,0.45,High
227,0.5027,9.63,1.55,0.161,Medium,0.87,High
228,0.5299,9.43,1.53,0.162,Medium,0.85,High
228,0.5165,4.94,1.46,0.295,High,0.44,High
229,0.5575,9.3,1.52,0.163,Medium,0.84,High
231,0.5031,4.35,1.38,0.318,High,0.39,High
233,0.5973,8.28,1.42,0.171,Medium,0.75,High
234,0.6412,7.94,1.38,0.174,Medium,0.71,High
234,0.5618,3.76,1.31,0.349,High,0.34,High
235,0.6562,7.76,1.38,0.178,Medium,0.7,High
235,0.5699,3.66,1.3,0.356,High,0.33,High
236,0.6856,7.67,1.38,0.18,Medium,0.69,High
236,0.5373,3.65,1.31,0.36,High,0.33,High
236,0.5066,12.21,1.63,0.134,Medium,1.1,High
237,0.6357,3.22,1.21,0.377,High,0.29,High
237,0.5645,7.18,1.32,0.184,High,0.65,High
237,0.5072,11.99,1.63,0.136,Medium,1.08,High
238,0.654,3.16,1.21,0.384,High,0.28,High
238,0.58,7.06,1.34,0.19,High,0.64,High
238,0.5774,11.69,1.63,0.14,Medium,1.05,High
239,0.6645,3.2,1.27,0.397,High,0.29,High
239,0.6559,6.81,1.26,0.185,High,0.61,High
239,0.518,11.4,1.62,0.142,Medium,1.03,High
240,0.6774,3.05,1.25,0.409,High,0.27,High
240,0.623,6.68,1.28,0.191,High,0.6,High
240,0.5339,11.03,1.56,0.141,Medium,0.99,High
241,0.7651,2.83,1.2,0.423,High,0.25,High
241,0.6812,6.39,1.29,0.201,High,0.58,High
241,0.5654,10.52,1.49,0.141,Medium,0.95,High
242,0.7782,2.8,1.2,0.429,High,0.25,High
242,0.5862,10.05,1.42,0.141,Medium,0.9,High
242,0.5706,6.21,1.28,0.207,High,0.56,High
243,0.7558,2.74,1.2,0.439,High,0.25,High
243,0.6244,6.02,1.27,0.211,High,0.54,High
243,0.579,9.98,1.44,0.144,Medium,0.9,High
244,0.8246,2.54,1.19,0.47,High,0.23,High
244,0.5721,9.63,1.4,0.145,Medium,0.87,High
244,0.5712,5.71,1.21,0.212,High,0.51,High
245,0.8277,2.53,1.25,0.492,High,0.23,High
245,0.6805,5.56,1.29,0.233,High,0.5,High
245,0.5573,9.49,1.45,0.153,Medium,0.85,High
246,0.8007,2.53,1.28,0.505,High,0.23,High
246,0.6213,9.3,1.4,0.151,Medium,0.84,High
246,0.5573,5.43,1.26,0.232,High,0.49,High
247,0.616,2.53,1.37,0.54,High,0.23,High
247,0.5904,8.82,1.36,0.154,Medium,0.79,High
247,0.5602,5.05,1.16,0.23,High,0.45,High
248,0.5925,8.54,1.33,0.156,Medium,0.77,High
248,0.5727,4.89,1.17,0.24,High,0.44,High
248,0.5439,2.53,1.41,0.556,High,0.23,High
249,0.6367,4.78,1.18,0.247,High,0.43,High
249,0.5937,8.33,1.32,0.159,Medium,0.75,High
250,0.6771,7.89,1.27,0.161,Medium,0.71,High
250,0.6399,4.61,1.16,0.251,High,0.41,High
251,0.6313,7.76,1.29,0.166,Medium,0.7,High
251,0.6094,4.35,1.15,0.264,High,0.39,High
252,0.6472,4.2,1.15,0.274,High,0.38,High
252,0.5889,7.67,1.31,0.171,Medium,0.69,High
253,0.639,4.05,1.11,0.275,High,0.36,High
253,0.5894,7.54,1.29,0.171,Medium,0.68,High
254,0.6414,3.74,1.06,0.282,High,0.34,High
255,0.6748,6.61,1.14,0.173,Medium,0.59,High
255,0.637,3.68,1.07,0.291,High,0.33,High
256,0.706,6.48,1.11,0.171,Medium,0.58,High
256,0.6558,3.83,0.66,0.172,Medium,0.34,High
256,0.6196,3.58,1.02,0.286,High,0.32,High
257,0.6956,3.3,1.05,0.319,High,0.3,High
257,0.6307,6.21,1.17,0.188,High,0.56,High
258,0.6805,3.16,0.98,0.312,High,0.28,High
258,0.5395,5.5,1.09,0.198,High,0.49,High
258,0.5331,3.33,0.43,0.13,Medium,0.3,High
259,0.6483,3.01,1.0,0.333,High,0.27,High
259,0.54,5.23,1.04,0.2,High,0.47,High
260,0.7319,2.85,0.98,0.344,High,0.26,High
260,0.5101,5.23,1.06,0.202,High,0.47,High
261,0.7981,2.7,0.98,0.362,High,0.24,High
261,0.5404,5.13,1.06,0.206,High,0.46,High
261,0.5011,4.94,0.86,0.174,Medium,0.44,High
262,0.7599,2.57,0.99,0.384,High,0.23,High
262,0.5755,4.87,0.98,0.201,High,0.44,High
263,0.7918,2.53,0.97,0.382,High,0.23,High
263,0.5685,4.68,0.97,0.208,High,0.42,High
264,0.6617,2.53,1.02,0.403,High,0.23,High
264,0.5766,4.55,1.01,0.221,High,0.41,High
265,0.5779,4.47,0.99,0.221,High,0.4,High
265,0.5419,2.53,1.07,0.424,High,0.23,High
266,0.6395,4.45,1.0,0.224,High,0.4,High
267,0.6505,4.12,0.95,0.232,High,0.37,High
268,0.6777,4.1,0.99,0.24,High,0.37,High
269,0.6539,3.88,0.93,0.239,High,0.35,High
270,0.6976,3.88,1.0,0.257,High,0.35,High
271,0.7338,3.64,0.94,0.259,High,0.33,High
272,0.6995,3.55,0.92,0.259,High,0.32,High
273,0.6844,3.24,0.82,0.252,High,0.29,High
274,0.6786,3.19,0.76,0.24,High,0.29,High
275,0.6167,3.01,0.71,0.234,High,0.27,High
276,0.7517,2.96,0.68,0.229,High,0.27,High
277,0.6802,2.72,0.59,0.218,High,0.24,High
278,0.7193,2.55,0.53,0.209,High,0.23,High
279,0.7193,2.53,0.51,0.201,High,0.23,High
280,0.7251,2.53,0.49,0.195,High,0.23,High
281,0.6643,2.53,0.44,0.174,Medium,0.23,High
282,0.6271,2.53,0.42,0.164,Medium,0.23,High
283,0.5846,2.53,0.4,0.159,Medium,0.23,High
284,0.5509,2.53,0.35,0.14,Medium,0.23,High
311,0.5063,10.05,1.52,0.151,Medium,0.9,High
317,0.5111,7.89,1.21,0.153,Medium,0.71,High
320,0.5148,7.37,1.16,0.158,Medium,0.66,High
327,0.543,5.17,0.89,0.172,Medium,0.47,High
329,0.5299,8.7,2.64,0.303,High,0.78,High
330,0.532,8.03,2.49,0.31,High,0.72,High
331,0.5276,7.76,2.53,0.326,High,0.7,High
332,0.5225,4.66,0.7,0.149,Medium,0.42,High
333,0.5549,3.95,0.85,0.214,High,0.36,High
333,0.5041,8.28,3.17,0.383,High,0.75,High
334,0.5419,3.66,1.13,0.309,High,0.33,High
334,0.5253,6.85,2.39,0.349,High,0.62,High
335,0.5709,3.41,1.17,0.342,High,0.31,High
335,0.5467,6.68,2.34,0.35,High,0.6,High
336,0.6412,3.32,1.16,0.348,High,0.3,High
336,0.5813,6.52,2.3,0.353,High,0.59,High
336,0.5427,7.85,2.93,0.373,High,0.71,High
337,0.6432,3.09,1.15,0.373,High,0.28,High
337,0.6029,8.18,3.01,0.368,High,0.74,High
338,0.6126,8.18,2.98,0.364,High,0.74,High
338,0.6026,2.87,1.09,0.378,High,0.26,High
338,0.5733,5.94,2.23,0.376,High,0.53,High
338,0.5429,3.46,0.55,0.16,Medium,0.31,High
339,0.6182,7.98,2.89,0.362,High,0.72,High
339,0.5764,5.76,2.21,0.385,High,0.52,High
339,0.5261,2.79,1.01,0.361,High,0.25,High
340,0.6041,7.76,2.8,0.36,High,0.7,High
340,0.5901,2.7,1.07,0.395,High,0.24,High
340,0.5578,5.47,2.12,0.388,High,0.49,High
341,0.6399,5.05,2.07,0.41,High,0.45,High
341,0.6013,7.46,2.66,0.356,High,0.67,High
342,0.6688,4.9,2.04,0.417,High,0.44,High
342,0.5504,7.03,2.46,0.35,High,0.63,High
343,0.6549,4.8,2.01,0.418,High,0.43,High
343,0.5242,2.72,0.41,0.149,Medium,0.24,High
343,0.5079,6.88,2.38,0.345,High,0.62,High
344,0.6772,4.5,1.95,0.432,High,0.41,High
345,0.684,4.34,1.9,0.438,High,0.39,High
345,0.5674,6.18,2.1,0.34,High,0.56,High
346,0.6331,4.08,1.83,0.449,High,0.37,High
346,0.6205,6.1,2.05,0.337,High,0.55,High
347,0.744,3.87,1.81,0.469,High,0.35,High
347,0.6577,5.94,1.92,0.323,High,0.53,High
348,0.7602,3.69,1.79,0.485,High,0.33,High
348,0.6765,5.88,1.89,0.322,High,0.53,High
349,0.7317,3.57,1.76,0.494,High,0.32,High
349,0.6907,5.83,1.85,0.317,High,0.52,High
350,0.7106,5.73,1.79,0.312,High,0.52,High
350,0.6976,3.37,1.73,0.513,High,0.3,High
351,0.785,3.13,1.74,0.556,High,0.28,High
351,0.749,5.43,1.66,0.306,High,0.49,High
352,0.7693,2.96,1.66,0.561,High,0.27,High
352,0.7305,5.32,1.57,0.296,High,0.48,High
353,0.7191,2.83,1.61,0.569,High,0.25,High
353,0.7093,5.23,1.53,0.292,High,0.47,High
354,0.7626,2.67,1.65,0.617,High,0.24,High
354,0.6746,5.07,1.45,0.286,High,0.46,High
355,0.6901,4.81,1.33,0.277,High,0.43,High
355,0.6723,2.6,1.48,0.569,High,0.23,High
356,0.6805,4.89,1.36,0.279,High,0.44,High
356,0.6724,2.54,1.52,0.597,High,0.23,High
357,0.6513,4.37,1.17,0.268,High,0.39,High
358,0.6465,4.34,1.12,0.257,High,0.39,High
359,0.6666,4.12,1.03,0.251,High,0.37,High
359,0.5054,2.53,1.34,0.529,High,0.23,High
360,0.696,4.16,1.01,0.244,High,0.37,High
360,0.546,2.53,1.27,0.503,High,0.23,High
361,0.68,4.27,0.99,0.232,High,0.38,High
362,0.6983,4.07,0.92,0.225,High,0.37,High
363,0.6868,4.08,0.87,0.214,High,0.37,High
364,0.5857,3.28,0.82,0.251,High,0.3,High
364,0.5655,4.12,0.84,0.204,High,0.37,High
365,0.6338,3.16,0.88,0.277,High,0.28,High
365,0.5683,4.27,0.82,0.191,High,0.38,High
366,0.6529,3.04,0.85,0.28,High,0.27,High
366,0.5781,4.18,0.77,0.184,High,0.38,High
367,0.5072,3.09,0.54,0.175,Medium,0.28,High
368,0.5671,3.15,0.53,0.168,Medium,0.28,High
368,0.5079,3.87,0.62,0.16,Medium,0.35,High
369,0.5312,3.13,0.5,0.161,Medium,0.28,High
440,0.5093,7.8,3.05,0.391,High,0.7,High
440,0.506,8.99,2.15,0.239,High,0.81,High
441,0.5862,7.37,3.01,0.408,High,0.66,High
441,0.5149,5.43,0.82,0.152,Medium,0.49,High
442,0.5681,7.22,2.98,0.412,High,0.65,High
442,0.5141,6.88,1.62,0.236,High,0.62,High
443,0.604,7.22,3.0,0.416,High,0.65,High
444,0.6565,6.99,2.9,0.415,High,0.63,High
444,0.5344,4.68,0.81,0.173,Medium,0.42,High
445,0.6232,6.74,2.83,0.419,High,0.61,High
445,0.516,6.95,1.8,0.26,High,0.63,High
445,0.5048,4.49,0.72,0.161,Medium,0.4,High
446,0.6314,6.52,2.7,0.414,High,0.59,High
446,0.5862,6.27,1.68,0.267,High,0.56,High
447,0.6419,6.3,2.55,0.405,High,0.57,High
447,0.5684,5.81,1.5,0.259,High,0.52,High
448,0.6207,6.24,2.51,0.403,High,0.56,High
448,0.5083,5.76,1.5,0.26,High,0.52,High
449,0.586,6.1,2.42,0.397,High,0.55,High
449,0.5023,5.66,1.44,0.254,High,0.51,High
450,0.6516,6.04,2.41,0.398,High,0.54,High
450,0.6514,5.52,1.42,0.257,High,0.5,High
450,0.516,3.4,0.7,0.207,High,0.31,High
451,0.5936,5.3,2.1,0.397,High,0.48,High
451,0.5348,4.98,1.25,0.251,High,0.45,High
452,0.6263,4.83,1.16,0.24,High,0.43,High
452,0.5688,5.13,2.01,0.392,High,0.46,High
453,0.6521,4.8,1.12,0.233,High,0.43,High
453,0.6014,5.07,1.99,0.393,High,0.46,High
454,0.7075,4.49,1.03,0.23,High,0.4,High
454,0.6326,5.13,2.0,0.391,High,0.46,High
455,0.7541,4.38,0.97,0.221,High,0.39,High
455,0.6382,5.07,1.96,0.387,High,0.46,High
456,0.7682,4.32,0.95,0.22,High,0.39,High
456,0.6606,5.3,1.99,0.376,High,0.48,High
457,0.7132,3.91,0.81,0.207,High,0.35,High
457,0.7079,5.19,1.88,0.363,High,0.47,High
458,0.7431,3.86,0.77,0.199,High,0.35,High
458,0.6928,4.87,1.78,0.365,High,0.44,High
459,0.711,4.49,1.6,0.357,High,0.4,High
459,0.6878,3.74,0.73,0.196,High,0.34,High
460,0.7001,3.59,0.67,0.188,High,0.32,High
460,0.6899,4.68,1.7,0.363,High,0.42,High
460,0.5256,8.33,1.33,0.16,Medium,0.75,High
461,0.7202,4.45,1.59,0.357,High,0.4,High
461,0.6292,3.31,0.56,0.17,Medium,0.3,High
461,0.5693,7.67,1.38,0.181,High,0.69,High
462,0.7321,4.24,1.5,0.354,High,0.38,High
462,0.5986,3.19,0.52,0.164,Medium,0.29,High
463,0.7358,4.14,1.47,0.356,High,0.37,High
463,0.6229,7.25,1.27,0.175,Medium,0.65,High
463,0.5208,3.07,0.48,0.157,Medium,0.28,High
464,0.7202,4.12,1.45,0.352,High,0.37,High
464,0.5972,6.92,1.17,0.168,Medium,0.62,High
465,0.7367,4.07,1.42,0.348,High,0.37,High
466,0.7131,4.07,1.39,0.341,High,0.37,High
466,0.5815,6.52,1.28,0.197,High,0.59,High
467,0.7457,3.99,1.34,0.335,High,0.36,High
468,0.7209,3.98,1.32,0.332,High,0.36,High
468,0.5798,6.04,1.29,0.214,High,0.54,High
469,0.6904,4.08,1.35,0.331,High,0.37,High
469,0.5803,5.96,1.24,0.207,High,0.54,High
470,0.6873,3.87,1.26,0.325,High,0.35,High
470,0.5419,5.66,1.26,0.223,High,0.51,High
471,0.7304,3.85,1.22,0.316,High,0.35,High
471,0.6041,5.43,1.23,0.227,High,0.49,High
472,0.7359,3.78,1.16,0.307,High,0.34,High
472,0.5665,5.19,1.23,0.237,High,0.47,High
473,0.7398,3.59,1.08,0.301,High,0.32,High
473,0.6059,5.17,1.11,0.215,High,0.47,High
474,0.7166,4.18,1.27,0.303,High,0.38,High
474,0.6686,4.85,1.15,0.236,High,0.44,High
475,0.6959,3.85,1.16,0.3,High,0.35,High
475,0.6483,4.71,1.12,0.237,High,0.42,High
476,0.6944,3.74,1.11,0.297,High,0.34,High
476,0.6489,4.56,1.13,0.247,High,0.41,High
477,0.7188,3.48,1.01,0.289,High,0.31,High
477,0.6317,4.32,1.13,0.262,High,0.39,High
478,0.7125,3.62,1.04,0.286,High,0.33,High
478,0.6555,4.16,1.17,0.281,High,0.37,High
478,0.5029,6.33,0.91,0.144,Medium,0.57,High
479,0.7371,3.37,0.94,0.279,High,0.3,High
479,0.6434,4.08,1.12,0.275,High,0.37,High
479,0.51,6.3,0.96,0.152,Medium,0.57,High
480,0.7166,3.37,0.92,0.272,High,0.3,High
480,0.7085,3.9,1.07,0.274,High,0.35,High
481,0.6776,3.66,1.07,0.293,High,0.33,High
481,0.6739,3.39,0.88,0.259,High,0.31,High
481,0.6106,5.66,0.86,0.152,Medium,0.51,High
482,0.7294,5.5,0.83,0.15,Medium,0.49,High
482,0.6671,3.37,0.85,0.251,High,0.3,High
482,0.6583,3.44,1.1,0.32,High,0.31,High
483,0.6897,3.37,1.05,0.311,High,0.3,High
483,0.6568,3.29,0.82,0.248,High,0.3,High
483,0.5508,5.36,0.87,0.162,Medium,0.48,High
484,0.7189,3.12,1.04,0.332,High,0.28,High
484,0.6396,3.13,0.74,0.238,High,0.28,High
484,0.5033,4.96,0.81,0.163,Medium,0.45,High
485,0.704,4.87,0.8,0.165,Medium,0.44,High
485,0.6778,2.96,0.96,0.324,High,0.27,High
485,0.6223,3.07,0.7,0.227,High,0.28,High
486,0.7486,2.86,0.95,0.331,High,0.26,High
486,0.6533,2.94,0.66,0.224,High,0.26,High
486,0.5782,4.68,0.79,0.168,Medium,0.42,High
487,0.6615,2.53,0.86,0.34,High,0.23,High
487,0.5044,8.65,1.86,0.215,High,0.78,High
488,0.6892,2.55,0.85,0.332,High,0.23,High
488,0.5664,4.18,0.71,0.17,Medium,0.38,High
489,0.6081,2.54,0.84,0.329,High,0.23,High
489,0.5693,3.99,0.73,0.184,High,0.36,High
490,0.5821,2.54,0.82,0.325,High,0.23,High
490,0.5612,3.9,0.79,0.202,High,0.35,High
491,0.5842,3.61,0.71,0.196,High,0.32,High
492,0.5892,3.49,0.65,0.186,High,0.31,High
492,0.5035,7.62,1.6,0.21,High,0.69,High
493,0.52,3.32,0.66,0.199,High,0.3,High
494,0.5318,3.13,0.66,0.21,High,0.28,High
494,0.5311,6.39,1.4,0.219,High,0.58,High
495,0.6153,3.01,0.63,0.21,High,0.27,High
495,0.5068,6.3,1.45,0.23,High,0.57,High
496,0.575,2.93,0.66,0.225,High,0.26,High
496,0.5039,6.24,1.4,0.224,High,0.56,High
497,0.5438,5.99,1.46,0.243,High,0.54,High
498,0.5592,6.04,1.37,0.227,High,0.54,High
499,0.5616,5.61,1.22,0.218,High,0.5,High
500,0.5427,5.47,1.2,0.22,High,0.49,High
501,0.5357,5.3,1.15,0.218,High,0.48,High
502,0.613,5.07,1.1,0.216,High,0.46,High
503,0.5602,4.85,1.03,0.212,High,0.44,High
504,0.601,4.64,1.08,0.233,High,0.42,High
505,0.612,4.47,1.1,0.246,High,0.4,High
506,0.6498,4.37,1.12,0.257,High,0.39,High
507,0.5747,4.13,1.01,0.245,High,0.37,High
508,0.6127,4.02,1.01,0.251,High,0.36,High
509,0.6325,3.91,1.03,0.264,High,0.35,High
510,0.6464,3.77,0.99,0.263,High,0.34,High
511,0.68,3.54,1.04,0.293,High,0.32,High
512,0.589,3.37,0.97,0.287,High,0.3,High
513,0.6286,3.27,0.99,0.303,High,0.29,High
514,0.644,2.95,0.98,0.333,High,0.27,High
515,0.6704,2.85,0.88,0.309,High,0.26,High
516,0.7024,2.79,0.88,0.316,High,0.25,High
517,0.6265,2.55,0.87,0.343,High,0.23,High
518,0.598,2.53,0.9,0.354,High,0.23,High
522,0.536,4.35,0.7,0.161,Medium,0.39,High
531,0.55,4.9,0.87,0.178,Medium,0.44,High
532,0.5215,4.78,0.78,0.164,Medium,0.43,High
534,0.5472,4.25,0.81,0.191,High,0.38,High
535,0.5229,4.09,0.81,0.199,High,0.37,High
542,0.5118,2.53,0.46,0.181,High,0.23,High
554,0.6382,2.79,1.13,0.405,High,0.25,High
555,0.6399,2.61,1.08,0.415,High,0.23,High
556,0.619,2.54,1.06,0.419,High,0.23,High
557,0.5212,2.53,1.16,0.459,High,0.23,High
583,0.5267,3.1,0.56,0.18,Medium,0.28,High
584,0.599,2.82,0.56,0.199,High,0.25,High
585,0.524,2.69,0.56,0.207,High,0.24,High
587,0.5446,2.92,0.49,0.169,Medium,0.26,High
588,0.509,2.9,0.5,0.172,Medium,0.26,High
589,0.5187,2.77,0.51,0.183,High,0.25,High
609,0.5612,5.83,1.44,0.247,High,0.52,High
613,0.5961,4.73,1.28,0.271,High,0.43,High
614,0.5215,4.74,1.31,0.276,High,0.43,High
615,0.5661,4.17,1.24,0.298,High,0.38,High
616,0.5339,4.98,0.61,0.122,Medium,0.45,High
616,0.5194,4.07,1.21,0.298,High,0.37,High
617,0.5725,4.68,0.54,0.115,Medium,0.42,High
618,0.5607,3.63,1.21,0.332,High,0.33,High
618,0.5459,4.44,0.54,0.122,Medium,0.4,High
619,0.6089,3.26,1.15,0.352,High,0.29,High
619,0.5355,4.31,0.53,0.123,Medium,0.39,High
620,0.557,3.04,1.06,0.35,High,0.27,High
621,0.691,2.61,0.89,0.343,High,0.23,High
621,0.5318,3.79,0.52,0.136,Medium,0.34,High
622,0.7546,2.53,0.86,0.339,High,0.23,High
623,0.6966,2.6,0.88,0.338,High,0.23,High
624,0.66,2.53,0.82,0.325,High,0.23,High
624,0.5794,3.16,0.49,0.155,Medium,0.28,High
625,0.6464,2.53,0.81,0.319,High,0.23,High
626,0.6199,2.53,0.8,0.315,High,0.23,High
645,0.5085,11.69,1.58,0.135,Medium,1.05,High
646,0.5955,10.94,1.53,0.14,Medium,0.98,High
649,0.5073,8.99,1.26,0.141,Medium,0.81,High
650,0.5453,4.07,0.8,0.196,High,0.37,High
650,0.5036,9.11,1.33,0.146,Medium,0.82,High
651,0.5472,3.72,0.84,0.225,High,0.33,High
652,0.5431,8.38,1.12,0.134,Medium,0.75,High
652,0.5264,3.52,0.81,0.23,High,0.32,High
653,0.6419,3.37,0.82,0.242,High,0.3,High
654,0.6152,3.09,0.78,0.251,High,0.28,High
654,0.503,7.67,1.13,0.147,Medium,0.69,High
655,0.6246,2.91,0.81,0.277,High,0.26,High
655,0.5232,7.5,1.03,0.137,Medium,0.68,High
656,0.5682,2.8,0.78,0.278,High,0.25,High
671,0.5284,3.39,0.64,0.19,High,0.31,High
675,0.5811,4.5,0.55,0.123,Medium,0.41,High
675,0.5498,2.71,0.66,0.245,High,0.24,High
676,0.5477,4.41,0.53,0.12,Medium,0.4,High
677,0.6032,4.02,0.5,0.125,Medium,0.36,High
678,0.7024,3.86,0.5,0.13,Medium,0.35,High
679,0.5689,3.66,0.49,0.133,Medium,0.33,High
680,0.571,3.47,0.47,0.135,Medium,0.31,High
682,0.5066,2.94,0.44,0.15,Medium,0.26,High
684,0.5053,2.55,0.52,0.204,High,0.23,High
